{
  "hash": "2cab36ce",
  "configHash": "bbe42105",
  "lockfileHash": "f68c0d2d",
  "browserHash": "2d620591",
  "optimized": {
    "@angular/core": {
      "src": "../../../../../node_modules/@angular/core/fesm2022/core.mjs",
      "file": "@angular_core.js",
      "fileHash": "5c44e1ce",
      "needsInterop": false
    },
    "@angular/forms": {
      "src": "../../../../../node_modules/@angular/forms/fesm2022/forms.mjs",
      "file": "@angular_forms.js",
      "fileHash": "b319c2ec",
      "needsInterop": false
    },
    "@angular/platform-browser": {
      "src": "../../../../../node_modules/@angular/platform-browser/fesm2022/platform-browser.mjs",
      "file": "@angular_platform-browser.js",
      "fileHash": "5cac14b9",
      "needsInterop": false
    },
    "@angular/router": {
      "src": "../../../../../node_modules/@angular/router/fesm2022/router.mjs",
      "file": "@angular_router.js",
      "fileHash": "5adf2b62",
      "needsInterop": false
    },
    "@ng-bootstrap/ng-bootstrap": {
      "src": "../../../../../node_modules/@ng-bootstrap/ng-bootstrap/fesm2022/ng-bootstrap.mjs",
      "file": "@ng-bootstrap_ng-bootstrap.js",
      "fileHash": "e102a5b4",
      "needsInterop": false
    },
    "ng-apexcharts": {
      "src": "../../../../../node_modules/ng-apexcharts/fesm2020/ng-apexcharts.mjs",
      "file": "ng-apexcharts.js",
      "fileHash": "fe7fcd37",
      "needsInterop": false
    },
    "ng2-daterangepicker": {
      "src": "../../../../../node_modules/ng2-daterangepicker/fesm5/ng2-daterangepicker.js",
      "file": "ng2-daterangepicker.js",
      "fileHash": "66cca2d1",
      "needsInterop": false
    },
    "ngx-daterangepicker-material": {
      "src": "../../../../../node_modules/ngx-daterangepicker-material/fesm2020/ngx-daterangepicker-material.mjs",
      "file": "ngx-daterangepicker-material.js",
      "fileHash": "34e57a17",
      "needsInterop": false
    }
  },
  "chunks": {
    "chunk-V3XMVEIY": {
      "file": "chunk-V3XMVEIY.js"
    },
    "chunk-H2GVMIJQ": {
      "file": "chunk-H2GVMIJQ.js"
    },
    "chunk-3MRLAFOR": {
      "file": "chunk-3MRLAFOR.js"
    },
    "chunk-3XGRJW52": {
      "file": "chunk-3XGRJW52.js"
    }
  }
}